,NORMAL,FIGHTING,FLYING,POISON,GROUND,ROCK,BUG,GHOST,STEEL,"Mystery/Typeless",FIRE,WATER,GRASS,ELECTRIC,PSYCHIC,ICE,DRAGON,DARK,FAIRY,STELLAR,ANCIENT,ANIME,BABY,BALL,BEAN,BIRD,BRAT,BORING,CAT,CRAB,DANCE,DEEZ NUTS,EMERALD,FAMILY,FAST,FIREFIGHT,FLORIDA,FLUFFY,FOOD,FREAK,FRIEND,FROG,FURRY,FUTURE,GAMER,GASLIGHT,GATEKEEP,GENDER,GIRLBOSS,GOBLIN,GOKU,GUN,GUYS,HATER,HOLY,KAIJU,LITTLE,MAGIC,MARIO,MONKE,NINJA,PIKACHU,RAT,REDDIT,sans,SHARP,SILLY,SONG,SPACE,STINKY,SUS,THING,UGLY,UNALIVE,UNO,VGC,VIBES,WEALTH,YAPPER,EVERY
NORMAL,1,1,1,1,1,0.5,1,0,0.5,1,1,1,1,1,1,1,1,1,1,1,1,0.5,2,1,1,1,0.5,0.5,1,1,1,1,0.5,1,1,1,0.5,1,2,1,2,1,1,0.5,2,0.5,0.5,1,0.5,1,1,0.5,1,0.5,1,0.5,1,1,2,1,1,1,1,1,1,1,1,2,1,1,1,1,1,1,1,1,2,1,1,1
FIGHTING,2,1,0.5,0.5,1,2,0.5,0,2,1,1,1,1,1,0.5,2,1,2,0.5,1,2,0.5,2,0.5,1,0.5,2,0.5,0.5,0.5,0.5,2,0.5,2,0.5,1,2,0.5,0.5,1,0.5,0.5,0.5,0.5,2,1,1,1,0.5,1,0,0.5,0.5,2,0.5,0.5,2,0.5,0.5,0.5,0.5,1,2,2,1,0.5,0.5,0.5,0.5,1,2,0.5,1,1,1,1,0.5,2,1,0.5
FLYING,1,2,1,1,1,0.5,2,1,0.5,1,1,1,2,0.5,1,1,1,1,1,1,0.5,1,2,1,2,1,1,2,0.5,2,1,1,0.5,1,1,1,2,0.5,1,1,1,2,1,1,1,1,1,1,1,1,0.5,1,2,2,1,0.5,1,1,0.5,2,1,0.5,2,1,1,0.5,1,1,1,1,1,1,1,1,1,0.5,1,2,1,1
POISON,1,1,1,0.5,0.5,0.5,1,0.5,0,1,1,1,2,1,1,1,1,1,2,1,1,0,2,1,1,1,1,0.5,2,1,1,0.5,0.5,1,1,1,1,1,2,1,2,2,1,1,1,1,1,2,1,0.5,0.5,0.5,2,2,0.5,0.5,1,2,2,1,1,1,2,1,1,1,2,1,0.5,0.5,0.5,1,0,1,0.5,1,2,2,1,1
GROUND,1,1,0,2,1,2,0.5,1,2,1,2,1,0.5,2,1,1,1,1,1,1,1,1,2,1,0.5,1,2,1,1,1,1,0.5,0.5,1,1,1,2,1,2,0.5,1,1,1,0.5,1,2,1,1,1,2,0.5,2,1,1,1,0.5,1,1,1,0.5,1,0.5,1,2,1,2,1,1,2,1,1,2,1,2,1,2,1,1,1,2
ROCK,1,0.5,2,1,0.5,1,2,1,0.5,1,2,1,1,1,1,2,1,1,1,1,2,0.5,2,1,1,2,1,0.5,1,1,1,2,0.5,2,0.5,0.5,1,1,1,0.5,1,1,1,0.5,1,0.5,0.5,1,2,2,1,1,1,1,2,2,2,1,2,1,1,1,2,1,1,1,2,2,1,1,1,0.5,1,2,1,1,1,2,0.5,2
BUG,1,0.5,0.5,0.5,1,1,1,0.5,0.5,1,0.5,1,2,1,2,1,1,2,0.5,1,0.5,2,2,1,2,0.5,2,2,2,1,0.5,1,0.5,2,1,0.5,1,0.5,2,2,1,0.5,1,1,1,0.5,2,1,1,1,1,1,1,1,1,0.5,2,1,1,1,0.5,1,2,2,1,2,1,1,1,1,1,1,1,2,1,1,0.5,1,1,1
GHOST,0,1,1,1,1,1,1,2,1,1,1,1,1,1,2,1,1,0.5,1,1,2,1,2,1,1,1,2,2,1,1,1,1,0.5,1,1,1,0.5,1,2,1,0.5,1,1,2,2,1,1,1,0.5,1,1,0.5,0.5,1,0.5,1,1,2,2,1,0.5,1,0.5,1,1,1,1,0.5,0,1,0,1,0.5,2,1,1,1,2,1,1
STEEL,1,1,1,1,1,2,1,1,0.5,1,0.5,0.5,1,0.5,1,2,1,1,2,1,1,2,2,1,1,2,1,1,1,1,1,2,0.5,1,2,0.5,0.5,1,0.5,1,1,1,1,2,1,2,2,1,1,1,1,1,1,2,1,1,1,1,1,1,0.5,0.5,1,1,1,1,1,1,1,1,1,1,1,2,1,0.5,1,1,2,1
"Mystery/Typeless",1,1,1,1,1,1,1,1,1,1,1,1,1,1,1,1,1,1,1,1,1,1,1,1,1,1,1,1,1,1,1,1,0.5,1,1,1,1,1,1,1,1,1,1,1,1,1,1,1,1,1,1,1,1,1,1,1,1,1,1,1,1,1,1,1,1,1,1,1,1,1,1,1,1,1,1,1,1,1,1,1
FIRE,1,1,1,1,1,0.5,2,1,2,1,0.5,0.5,2,1,1,2,0.5,1,1,1,2,1,2,0.5,1,1,2,2,2,2,0.5,2,0.5,2,0.5,0.5,0,2,2,1,1,1,2,1,1,2,1,1,1,2,0.5,1,1,2,1,0.5,1,0.5,2,2,1,1,2,2,1,1,1,0.5,1,2,1,0.5,1,2,1,1,1,2,1,2
WATER,1,1,1,1,2,2,1,1,1,1,2,0.5,0.5,1,1,1,0.5,1,1,1,1,2,2,1,0.5,1,2,2,2,0.5,0.5,1,0.5,1,0.5,0.5,0.5,2,0.5,1,1,0,2,2,2,2,0.5,1,1,1,1,1,1,1,0.5,0.5,1,1,1,2,1,1,1,2,1,1,1,1,2,2,1,0.5,2,2,1,1,0.5,2,2,1
GRASS,1,1,0.5,0.5,2,2,0.5,1,0.5,1,0.5,2,0.5,1,1,1,0.5,1,1,1,1,2,2,1,0.5,0.5,0.5,2,1,0.5,0.5,1,0.5,2,0.5,2,1,2,0.5,1,1,2,0.5,1,2,0.5,1,1,1,2,1,1,1,0.5,1,0.5,1,1,1,2,1,1,1,2,1,1,1,1,1,1,1,1,1,0.5,1,1,0.5,2,1,0.5
ELECTRIC,1,1,2,1,0,1,1,1,1,1,1,2,0.5,0.5,1,1,0.5,1,1,1,1,1,2,0.5,1,2,0.5,2,1,1,0.5,1,0.5,1,1,2,0.5,0.5,1,1,1,2,1,0.5,0.5,0.5,2,1,1,2,1,2,1,2,1,1,1,0.5,2,1,1,0.5,1,2,1,1,0.5,1,0,1,1,1,1,0.5,1,1,1,2,1,0.5
PSYCHIC,1,2,1,2,1,1,1,1,0.5,1,1,1,1,1,0.5,1,1,0,1,1,2,0.5,2,0.5,1,1,2,2,1,1,1,2,0.5,1,1,1,2,1,1,2,0.5,1,1,2,1,2,2,1,1,1,1,1,0.5,2,2,2,1,0.5,1,1,0.5,1,0.5,0,1,1,1,1,2,1,2,0,1,1,1,1,2,2,2,2
ICE,1,1,2,1,2,1,1,1,0.5,1,0.5,0.5,2,1,1,0.5,2,1,1,1,1,0.5,2,1,2,2,1,1,2,2,2,2,0.5,1,0.5,0.5,1,0,2,1,2,2,0.5,0.5,1,0.5,1,1,1,2,1,1,1,2,1,2,1,1,1,1,0.5,1,1,1,1,1,1,1,0.5,2,1,2,1,2,1,1,2,0.5,2,2
DRAGON,1,1,1,1,1,1,1,1,0.5,1,1,1,1,1,1,1,2,1,0,1,2,2,2,0.5,1,1,2,2,1,1,1,2,0.5,1,2,1,2,1,2,2,0.5,1,2,1,1,1,1,1,0.5,2,0.5,0.5,1,1,0.5,2,2,0.5,0.5,1,0.5,1,1,1,1,1,0.5,1,1,1,1,0.5,1,1,1,0.5,1,1,1,1
DARK,1,0.5,1,1,1,1,1,2,1,1,1,1,1,1,2,1,1,0.5,0.5,1,1,0.5,2,1,1,1,0.5,1,1,1,1,0.5,0.5,2,1,1,1,1,1,1,0,1,2,2,0,2,2,1,1,1,1,1,1,1,2,1,1,1,1,0.5,2,1,1,2,1,1,2,1,0,1,0.5,1,0.5,0.5,1,1,2,0.5,1,1
FAIRY,1,2,1,0.5,1,1,1,1,0.5,1,0.5,1,1,1,1,1,2,2,1,1,1,2,2,1,2,1,2,1,2,0.5,1,0.5,0.5,1,1,1,0.5,1,1,0.5,1,0.5,1,1,0.5,0.5,0.5,2,0.5,0.5,1,0.5,1,2,1,2,2,2,1,1,1,1,2,1,1,1,0.5,0.5,1,0.5,1,1,2,2,1,1,0.5,2,2,0.5
STELLAR,1,1,1,1,1,1,1,1,1,1,1,1,1,1,1,1,1,1,1,1,1,1,1,1,1,1,1,1,1,1,1,1,0.5,1,1,1,1,1,1,1,1,1,1,1,1,1,1,1,1,1,1,1,1,1,1,1,1,1,1,1,1,1,1,1,1,1,1,1,1,1,1,1,1,1,1,1,1,1,1,1
ANCIENT,1,2,1,1,2,2,1,2,2,1,1,1,0.5,0.5,1,0.5,2,1,1,1,0.5,1,2,0.5,1,1,0.5,0.5,0.5,0,1,1,0.5,1,2,1,0.5,1,2,2,1,0.5,1,2,1,0.5,2,1,2,1,2,0.5,1,1,2,2,1,2,2,2,1,0.5,1,2,1,2,1,0.5,2,2,1,1,0.5,0.5,1,0.5,2,0.5,0,1
ANIME,2,2,2,0,1,2,0.5,0.5,1,1,2,1,1,1,1,1,2,1,1,1,2,2,2,1,1,1,2,0.5,0.5,1,1,0.5,0.5,0.5,2,1,0.5,2,1,0.5,2,1,0,1,2,1,0.5,0.5,1,2,2,0.5,1,1,2,1,1,0.5,1,1,0.5,0.5,1,2,1,1,1,2,1,1,1,1,1,2,1,1,0.5,2,2,1
BABY,1,1,1,1,1,1,1,1,1,1,1,1,1,1,1,1,1,1,1,1,1,1,2,1,1,1,1,1,1,1,1,1,0.5,1,1,1,1,1,2,1,1,1,1,1,1,1,1,1,1,1,1,1,1,1,1,1,1,1,1,1,1,1,1,1,1,1,1,1,1,1,1,1,1,1,1,1,1,2,1,1
BALL,1,1,2,0.5,1,0.5,1,0,0.5,1,1,0.5,1,1,0.5,1,1,1,1,1,2,2,2,0.5,1,2,2,2,2,1,0.5,2,0.5,2,1,1,1,0.5,1,0,1,0.5,0.5,0.5,2,1,0.5,0.5,0.5,2,2,0.5,0.5,1,2,1,1,1,0.5,2,0.5,1,2,1,1,0.5,2,1,0.5,1,1,2,1,0.5,1,1,0.5,2,1,0.5
BEAN,1,1,1,2,2,2,1,1,0.5,1,0.5,1,2,1,1,0.5,1,1,2,1,2,2,2,1,0,0.5,0.5,0.5,2,1,0.5,1,0.5,1,0.5,1,2,1,0,1,1,0.5,1,1,1,1,1,1,1,0.5,0,1,1,1,1,1,0.5,2,0.5,2,1,1,0.5,1,1,1,0.5,0.5,0.5,1,0.5,1,1,0.5,1,1,1,2,1,0.5
BIRD,1,1,1,1,1,0.5,2,1,0.5,1,1,1,2,1,1,0.5,1,1,1,1,0.5,0.5,2,1,2,1,2,2,0.5,2,2,2,0.5,2,1,1,1,1,2,0.5,1,2,1,1,1,1,1,1,1,2,1,0.5,1,1,1,0.5,2,1,1,1,1,0.5,2,2,1,0.5,2,1,0.5,1,2,0,1,0.5,1,1,1,2,2,2
BRAT,1,2,0.5,1,0,1,1,0.5,0.5,1,1,2,0.5,1,1,0.5,1,0,2,1,1,1,2,2,0.5,1,2,1,1,0.5,2,1,0.5,2,1,1,2,1,2,2,1,0.5,2,0.5,1,0.5,0.5,2,1,2,1,0.5,2,0.5,1,1,2,1,1,0.5,1,1,1,2,1,1,1,2,1,1,1,1,1,0.5,1,1,0.5,2,1,1
BORING,1,0.5,1,1,1,0.5,1,1,1,1,0.5,1,1,0.5,1,1,1,1,0.5,1,0.5,2,2,2,0.5,1,0.5,0.5,0,0.5,2,2,0.5,0.5,1,1,0,1,0.5,2,2,1,2,0.5,2,1,1,1,1,0.5,2,0.5,0.5,2,0.5,2,1,2,1,0.5,1,2,0.5,2,1,1,2,2,1,0.5,1,1,0.5,1,1,2,2,0.5,0.5,0.5
CAT,1,1,2,1,1,1,2,1,0.5,1,0.5,0.5,1,1,1,1,2,2,1,1,2,1,2,0.5,1,2,2,2,1,2,1,2,0.5,1,1,1,0.5,2,2,1,1,2,2,1,2,1,1,0.5,2,0.5,0.5,1,2,2,1,0.5,2,1,2,0.5,1,0.5,2,1,1,1,0.5,1,0.5,1,1,1,1,2,1,1,1,2,0.5,2
CRAB,2,2,1,1,1,2,2,1,0.5,1,0.5,2,0.5,0.5,0.5,0.5,1,1,1,1,2,2,2,1,1,0.5,2,2,0.5,0.5,0.5,2,0.5,0.5,0.5,0.5,2,1,2,1,0.5,0.5,0.5,2,0.5,2,1,1,1,0.5,0.5,0.5,0.5,2,2,2,2,0.5,1,0.5,0.5,2,2,2,1,0.5,0.5,0.5,0.5,1,1,1,2,2,1,2,1,0.5,2,0.5
DANCE,1,0.5,1,0.5,1,1,1,2,1,1,2,2,1,1,1,2,1,1,1,1,0.5,2,2,2,1,1,0.5,1,1,2,0.5,1,0.5,2,2,1,1,1,1,2,2,1,0.5,2,1,0.5,0.5,1,2,1,1,0.5,2,1,1,0.5,1,1,2,2,1,1,2,1,1,1,1,2,1,0.5,0.5,1,1,1,1,1,2,0.5,1,2
DEEZ NUTS,1,0.5,0.5,1,1,1,1,1,1,1,1,1,1,2,2,1,1,2,1,1,1,2,2,1,1,2,2,2,1,1,2,2,0.5,1,1,1,1,0.5,1,2,1,0.5,0.5,2,1,1,0.5,0.5,1,2,1,1,2,1,0.5,1,2,1,1,1,4,2,1,2,1,0.5,1,1,1,0.5,1,1,2,1,1,1,1,2,2,2
EMERALD,2,2,2,2,2,2,2,2,2,1,2,2,2,2,2,2,2,2,2,1,2,2,2,2,2,2,2,2,2,2,2,2,2,2,2,2,2,2,2,2,2,2,2,2,2,2,2,2,2,2,2,2,2,2,2,2,2,2,2,2,2,2,2,2,1,2,2,2,2,2,2,2,2,2,2,2,2,2,2,2
FAMILY,1,2,1,1,1,2,2,0.5,0.5,1,0.5,2,2,1,1,2,1,2,1,1,1,2,2,2,1,2,2,1,2,1,1,0.5,0.5,1,1,1,2,1,2,0.5,0.5,1,0.5,2,0.5,1,1,2,0.5,1,2,0.5,2,1,1,1,1,0.5,1,0.5,0.5,1,1,0.5,1,1,0.5,1,1,1,1,1,1,1,1,1,1,0.5,1,1
FAST,2,2,2,1,1,1,1,1,2,1,2,1,1,0.5,1,2,1,1,2,1,0.5,1,2,2,1,1,1,1,1,2,2,0.5,0.5,1,0.5,2,2,1,0,1,1,1,0.5,0.5,0.5,0.5,0.5,1,1,0.5,2,2,1,1,0.5,1,1,2,1,1,1,1,1,0.5,1,2,1,1,2,2,2,0.5,2,0.5,1,1,1,1,1,1
FIREFIGHT,1,2,1,2,2,2,1,0.5,2,1,2,1,0.5,1,2,0.5,2,2,1,1,1,1,2,1,0.5,1,1,2,2,1,1,1,0.5,1,2,1,1,0.5,2,0.5,1,1,0.5,0.5,1,2,1,0,1,0.5,1,1,1,0,2,2,1,1,1,1,1,0.5,1,1,1,0.5,0.5,1,1,2,2,2,2,1,1,1,1,1,1,2
FLORIDA,2,1,1,0.5,2,2,0.5,0.5,1,1,2,0.5,0.5,1,2,2,1,1,2,1,2,0.5,4,1,1,1,2,0.5,1,0.5,1,2,0.5,2,1,1,2,2,0.5,0,2,0.5,0.5,1,0,1,1,2,0.5,0.5,1,0,0.5,0.5,0.5,1,2,2,1,2,2,1,0.5,1,1,0.5,0.5,1,2,0.5,0.5,1,1,2,1,1,2,0.5,1,0.5
FLUFFY,1,1,1,1,1,1,1,1,1,1,0.5,2,1,1,1,2,1,2,1,1,1,2,2,1,1,1,1,0.5,1,1,1,1,0.5,2,0.5,0.5,1,0.5,1,0.5,1,0.5,2,0.5,1,1,1,1,1,0.5,1,1,1,1,1,0.5,2,1,0.5,1,0.5,1,2,2,1,1,1,1,1,1,1,2,2,0.5,1,1,1,1,1,0.5
FOOD,2,0.5,1,0.5,0.5,0.5,0.5,2,0.5,1,0.5,0.5,2,2,1,0.5,0.5,1,1,1,0.5,2,2,2,0,0.5,0.5,1,0.5,0.5,1,2,0.5,2,2,1,1,2,2,1,1,2,1,1,0.5,2,1,1,1,2,1,1,1,0.5,2,0.5,1,1,0.5,0.5,1,1,2,2,1,0.5,1,1,0.5,0.5,1,1,1,1,1,1,2,0.5,1,0.5
FREAK,1,2,1,1,0.5,1,1,2,1,1,1,1,1,1,2,1,1,2,0.5,1,2,2,2,0.5,2,1,1,2,2,0.5,0.5,2,0.5,0.5,0.5,0.5,2,2,2,1,2,1,2,0.5,2,2,0.5,1,0.5,0.5,0.5,1,1,1,0,2,1,1,0.5,2,0.5,1,0.5,2,1,1,2,1,1,2,1,0.5,2,0.5,1,0.5,1,2,1,1
FRIEND,1,2,1,0.5,1,0.5,2,2,0.5,1,1,1,1,1,2,1,2,2,1,1,1,2,2,2,1,1,1,0.5,2,2,1,1,0.5,2,1,1,1,1,1,0,0.5,1,0.5,1,0.5,0,1,0.5,1,1,2,1,2,1,1,1,1,2,2,0.5,1,1,1,0.5,1,1,2,0.5,1,0.5,0.5,1,0.5,1,1,1,1,1,1,1
FROG,2,1,0.5,2,2,2,2,1,0.5,1,1,2,2,0.5,1,0.5,0.5,2,1,1,2,1,2,2,1,0.5,1,2,0.5,1,2,1,0.5,2,2,1,2,0.5,2,2,2,1,0.5,1,2,1,1,2,0.5,0.5,2,0.5,2,0.5,1,0.5,0.5,2,2,1,1,0.5,1,2,1,1,0.5,0.5,1,1,2,2,2,0.5,1,2,2,1,1,2
FURRY,0.5,0.5,1,1,1,1,1,1,1,1,1,1,2,1,1,1,1,1,1,1,1,0,2,0.5,1,1,1,1,0.5,1,2,2,0.5,2,1,1,2,2,1,2,0.5,0.5,2,0.5,0.5,2,2,0.5,0.5,1,1,1,1,1,1,1,2,1,1,1,1,1,2,2,1,1,1,2,0.5,2,1,1,1,1,1,1,1,2,2,2
FUTURE,2,2,2,0.5,0.5,0.5,1,0,1,1,1,1,1,1,2,1,1,1,1,1,1,1,2,1,2,1,0.5,0.5,1,0.5,1,1,0.5,1,1,1,1,1,2,0.5,1,1,0,1,2,0.5,1,2,0.5,1,0.5,0.5,1,0.5,0,2,2,2,1,2,1,0.5,2,1,1,2,1,1,2,1,2,1,2,2,1,2,1,2,0.5,1
GAMER,0.5,0.5,1,2,1,1,2,1,1,1,1,0.5,0,0.5,1,1,1,2,0.5,1,0.5,1,2,0.5,1,0.5,2,0.5,0.5,0.5,0.5,0.5,0.5,0,0.5,0,2,2,2,1,0.5,1,0.5,1,2,0.5,2,0.5,0.5,1,0.5,1,2,1,2,0.5,1,1,2,0.5,1,2,1,2,1,0.5,0.5,1,1,0.5,0.5,1,1,1,1,2,0.5,1,1,0.5
GASLIGHT,2,2,1,1,1,0.5,1,2,1,1,2,2,2,2,1,0.5,1,1,1,1,1,0.5,2,1,1,1,2,0.5,0.5,0.5,1,2,0.5,2,0.5,0.5,1,1,1,0.5,2,0.5,0.5,1,2,2,1,2,1,2,1,2,2,2,1,0.5,1,2,2,0,2,1,0.5,2,1,1,0,1,2,1,2,0.5,0.5,0.5,1,0.5,0.5,2,1,1
GATEKEEP,2,2,2,1,1,1,1,2,1,1,0.5,2,1,2,1,1,1,2,1,1,2,2,2,1,1,1,1,0.5,0.5,0.5,1,0.5,0.5,1,1,1,1,1,1,0.5,2,1,0.5,1,0.5,1,2,2,1,0.5,2,2,2,0.5,1,1,0.5,2,2,1,0.5,2,0.5,2,1,1,0.5,1,2,2,2,2,1,0.5,1,2,0.5,0.5,1,1
GENDER,2,0.5,1,0.5,1,1,2,2,0.5,1,0.5,2,2,1,0.5,1,2,2,0.5,1,2,2,2,1,1,1,2,1,0.5,1,1,2,0.5,2,1,1,0.5,0.5,2,2,0.5,1,1,1,2,0.5,0.5,2,1,1,2,0.5,2,2,2,1,1,2,1,2,0.5,0.5,1,0.5,1,2,2,0.5,1,0.5,0.5,1,2,2,1,1,2,0.5,2,1
GIRLBOSS,2,2,1,0.5,1,1,0.5,0.5,1,1,2,2,1,2,0.5,1,2,1,2,1,0.5,0.5,2,0.5,1,0.5,2,2,1,1,2,1,0.5,2,1,0.5,0.5,1,2,2,2,1,0.5,2,2,0.5,2,1,2,1,2,0.5,2,0.5,0.5,0.5,1,1,2,1,1,0.5,0.5,0.5,1,0.5,2,2,1,1,1,1,2,1,1,0.5,0.5,1,1,1
GOBLIN,1,1,2,2,1,1,2,0,2,1,0,1,2,1,0.5,2,0.5,1,2,1,2,0.5,2,1,2,1,0.5,2,0.5,2,2,2,0.5,1,0.5,1,0.5,1,2,0.5,1,1,1,1,0.5,0.5,1,1,0.5,2,0.5,0.5,1,2,1,0.5,2,1,0.5,0.5,1,0.5,2,2,1,1,2,0,1,2,1,2,2,1,1,1,2,1,0.5,1
GOKU,2,2,2,0.5,1,2,0.5,0.5,2,1,1,1,1,1,0.5,2,1,2,0.5,1,0.5,2,2,1,1,2,0.5,0.5,2,2,0.5,0.5,0.5,2,2,0.5,2,1,2,0.5,0.5,0.5,2,0.5,2,0.5,2,1,0.5,2,0.5,2,2,2,0.5,2,0.5,0.5,1,0.5,1,1,2,1,1,1,0.5,1,2,0.5,1,2,1,2,1,2,0.5,2,2,1
GUN,2,2,2,0.5,0.5,0.5,1,0,0.5,1,0.5,0.5,1,1,2,2,1,2,2,1,2,0.5,2,2,2,2,1,2,0,0.5,0,2,0.5,2,0.5,2,0.5,0.5,0.5,2,2,2,2,0.5,2,2,2,2,2,2,0,2,1,2,2,0.5,2,2,2,2,1,2,2,2,1,2,2,2,0,2,2,0.5,2,0.5,1,1,2,2,2,2
GUYS,1,2,1,0.5,1,1,1,0,0.5,1,2,1,1,1,1,1,1,2,1,1,1,2,2,2,0.5,0.5,2,0.5,1,1,2,0.5,0.5,2,0.5,0.5,2,0.5,2,2,2,1,0.5,1,2,0.5,0.5,0.5,0.5,2,0.5,2,0.5,2,0.5,0.5,2,0.5,1,0.5,1,1,1,0.5,1,0.5,2,2,0.5,0.5,0.5,1,0.5,1,1,2,2,0.5,0.5,0.5
HATER,0.5,1,1,1,1,1,1,1,1,1,1,1,1,1,1,1,1,1,1,1,1,2,2,1,1,1,1,1,0.5,1,1,1,0.5,1,1,0.5,1,1,0.5,2,1,0.5,2,2,1,1,2,2,1,0.5,2,1,1,1,2,0.5,1,1,2,1,0.5,1,1,2,1,1,1,1,1,1,1,1,2,1,1,1,1,1,2,1
HOLY,2,0.5,1,2,1,1,0.5,2,1,1,2,2,1,1,0.5,1,2,2,0.5,1,2,0.5,2,1,1,1,1,1,1,1,1,2,0.5,2,1,1,2,1,2,0,1,1,1,2,1,2,2,1,1,0.5,1,2,1,0.5,1,0.5,1,0.5,1,1,1,1,1,0,1,1,0.5,1,1,1,1,0.5,1,2,1,1,0.5,2,0.5,1
KAIJU,1,2,2,2,2,2,1,0.5,2,1,1,1,1,1,1,0.5,2,1,0.5,1,1,2,2,1,1,2,2,2,0.5,1,1,1,0.5,1,1,0.5,2,2,1,0.5,0.5,1,1,0.5,2,1,1,1,1,2,0.5,2,2,1,0.5,2,2,0,0.5,2,0.5,2,1,1,1,2,1,1,0.5,1,1,0.5,1,1,1,1,2,2,0.5,2
LITTLE,1,0.5,1,1,1,1,1,1,1,1,1,1,1,1,1,1,1,1,2,1,1,1,2,2,0.5,0.5,1,1,1,2,1,0,0.5,2,1,1,1,1,1,2,2,2,1,0.5,1,1,1,1,1,2,0.5,1,1,1,1,0.5,0.5,1,2,1,2,1,2,1,1,1,1,1,1,1,1,2,1,1,1,1,1,1,2,1
MAGIC,2,1,1,0.5,1,1,1,2,1,1,1,1,1,2,1,1,2,1,0.5,1,2,2,2,1,2,1,2,2,2,1,2,0.5,0.5,1,1,1,0,1,1,0.5,0.5,2,1,2,1,0.5,0.5,2,0.5,1,2,0.5,1,1,1,2,1,0.5,1,0.5,1,2,0.5,1,1,1,0.5,1,0.5,1,1,1,1,2,1,2,1,1,1,1
MARIO,0.5,1,1,0.5,1,1,0.5,0,0.5,1,0.5,1,1,0.5,1,1,2,2,1,1,0.5,2,2,2,2,1,2,2,1,1,2,1,0.5,1,1,2,2,1,2,1,1,2,1,1,0.5,1,2,1,0.5,1,1,0.5,2,2,1,2,0.5,1,1,1,1,1,1,2,1,0.5,1,1,1,0.5,0.5,1,1,0,1,2,2,1,2,1
MONKE,1,1,0.5,1,1,2,2,0,0.5,1,0.5,1,1,1,2,1,1,1,1,1,2,0.5,2,0.5,2,0.5,2,2,0.5,0.5,2,2,0.5,2,1,0.5,0.5,0.5,2,1,1,2,0.5,0,1,2,2,1,2,2,0,0.5,0.5,2,2,1,0.5,0.5,0.5,2,0.5,2,2,2,1,0.5,1,1,0.5,2,0.5,2,0.5,1,1,0.5,2,0.5,2,1
NINJA,1,1,1,1,1,1,1,2,0.5,1,1,1,2,0.5,1,0.5,2,2,1,1,2,1,2,2,2,1,1,2,1,2,0.5,2,0.5,1,1,1,1,1,1,0.5,1,1,1,2,1,0.5,0.5,0.5,1,1,1,1,1,0.5,2,2,0.5,1,0.5,1,2,1,1,1,1,1,0.5,1,1,1,2,0.5,2,1,1,0.5,2,1,0,1
PIKACHU,2,1,0,1,2,1,1,1,1,1,1,2,0.5,0.5,1,1,0.5,1,1,1,1,2,2,0.5,1,2,1,2,1,1,0.5,1,0.5,1,2,2,0.5,0.5,1,1,1,2,1,1,0.5,1,1,1,2,2,1,2,1,1,1,2,1,0.5,1,1,0.5,0.5,2,2,1,1,0.5,1,0,1,1,1,1,1,1,0.5,1,2,0.5,1
RAT,1,1,1,0.5,1,0.5,2,1,1,1,1,1,2,0.5,1,1,1,1,1,1,0.5,1,2,2,1,0.5,0.5,1,0.5,1,2,1,0.5,1,2,1,0.5,2,2,2,1,1,0.5,1,1,0.5,1,1,2,0.5,1,1,1,0.5,1,0.5,2,1,2,1,1,0.5,1,1,1,1,2,2,0.5,2,0.5,2,2,2,1,1,2,2,1,1
REDDIT,2,2,1,0,1,1,0.5,2,1,1,1,0.5,0,1,0.5,1,2,2,2,1,2,2,2,0.5,1,2,0.5,2,2,0.5,1,2,0.5,1,0.5,1,0.5,2,1,1,0.5,1,2,0.5,2,2,2,1,1,1,2,0.5,0.5,2,0.5,0.5,1,0.5,2,2,2,0.5,0.5,1,1,0.5,1,2,0.5,2,1,2,2,0.5,1,0.5,0.5,1,2,1
sans,1,1,1,1,1,1,1,1,1,2,0.5,0.5,0.5,1,1,1,1,1,1,1,1,2,2,1,1,1,0.5,0.5,1,1,1,1,0.5,0.5,2,1,2,0.5,2,2,0.5,1,0.5,2,2,1,2,1,1,1,1,1,1,1,2,1,1,1,2,1,1,2,1,0.5,1,0.5,2,2,1,1,2,0.5,1,2,1,1,0.5,0.5,2,1
SHARP,2,1,2,1,1,0.5,1,1,0.5,1,1,1,2,1,1,2,1,1,1,1,1,1,2,1,0.5,2,1,1,2,2,1,1,0.5,1,0.5,1,0.5,2,2,1,2,2,2,1,1,2,1,1,2,2,2,0.5,1,1,0.5,1,1,1,2,1,2,1,1,1,2,2,2,1,0.5,1,1,0.5,1,1,1,1,1,2,2,2
SILLY,1,1,1,2,1,0.5,0.5,0.5,1,1,1,2,2,1,0.5,1,2,2,1,1,0.5,1,2,1,2,1,2,2,1,1,1,1,0.5,2,1,1,1,0.5,0.5,1,0.5,1,0.5,2,1,1,2,2,1,2,1,0.5,0,1,0.5,0.5,1,1,1,2,0.5,1,1,1,1,0.5,2,2,1,2,0.5,0.5,1,0.5,1,1,1,0.5,2,1
SONG,1,1,1,1,1,1,1,1,1,1,1,1,1,1,1,1,2,1,0.5,1,2,2,2,1,1,1,2,2,2,2,2,1,0.5,1,0.5,0.5,2,1,1,0.5,2,1,1,0.5,1,1,1,1,1,0.5,2,0.5,1,1,2,0.5,1,1,2,0.5,1,1,2,2,1,1,1,1,1,1,1,0.5,1,0.5,1,1,2,1,0.5,1
SPACE,2,1,1,1,1,1,1,1,1,1,2,1,1,2,2,0.5,1,0.5,1,1,2,1,2,1,0.5,2,1,2,2,1,1,1,0.5,1,2,1,1,1,1,1,1,1,1,1,1,0.5,0.5,1,0.5,1,1,1,1,1,1,2,1,2,1,1,1,2,1,2,1,1,1,1,0.5,2,2,1,1,1,1,0.5,0.5,0.5,2,2
STINKY,2,1,2,0.5,0.5,0.5,1,0.5,0,1,1,1,1,1,2,1,2,1,0.5,1,2,1,2,1,1,1,2,0.5,2,0.5,0.5,2,0.5,1,2,0.5,0.5,0.5,2,1,2,2,0,2,0,2,1,1,2,0.5,1,1,2,1,1,0.5,1,1,2,0,0.5,1,1,0,1,0.5,2,1,2,0.5,0.5,1,2,1,1,1,2,1,2,1
SUS,2,1,1,1,1,1,1,0.5,1,1,1,1,1,1,0.5,1,1,1,1,1,1,2,2,0.5,1,1,2,1,1,1,1,1,0.5,1,2,2,1,1,0.5,2,2,0.5,1,2,2,2,2,0.5,2,1,1,1,1,1,0.5,0.5,1,1,1,1,0.5,1,0.5,0.5,1,1,2,1,0.5,1,0.5,1,1,0,1,1,0.5,2,2,1
THING,1,1,0.5,1,1,1,1,2,1,1,1,0.5,2,2,1,2,2,1,1,1,1,0.5,2,1,1,1,0.5,0.5,1,2,1,1,0.5,1,1,1,2,0,1,2,1,1,1,1,0.5,1,0.5,0.5,1,1,1,2,1,0.5,1,1,2,1,1,0,1,0.5,1,2,1,2,1,1,1,2,2,1,2,1,1,1,1,1,0.5,1
UGLY,1,1,1,1,1,1,1,1,1,1,1,1,1,1,2,1,1,0.5,2,1,1,1,2,1,0.5,1,1,0.5,1,0.5,1,1,0.5,0.5,1,1,1,1,1,2,1,2,1,1,2,1,1,1,1,2,1,1,1,1,1,0.5,0.5,1,1,1,2,0.5,1,2,1,1,1,1,0.5,1,1,1,0.5,1,1,1,2,1,2,1
UNALIVE,2,1,0.5,2,0.5,1,1,1,1,1,0.5,0.5,2,1,1,1,0.5,1,0,1,1,1,2,0.5,0.5,1,1,1,2,1,2,0.5,0.5,2,1,0.5,2,0.5,2,1,1,1,1,0.5,2,1,1,1,1,1,1,1,0.5,0.5,0,1,1,1,2,2,0.5,1,1,2,1,1,0.5,1,1,2,2,1,2,1,1,1,0.5,2,0,1
UNO,1,1,1,1,1,1,1,1,1,1,1,1,1,1,1,1,1,1,1,1,1,1,2,1,1,1,1,1,1,1,1,1,0.5,1,1,1,1,1,1,1,1,1,1,1,1,1,1,1,1,1,1,1,1,1,1,1,1,1,1,1,1,1,1,1,1,1,1,1,1,1,1,1,1,1,1,1,1,1,1,1
VGC,0.5,1,2,1,2,1,1,1,1,1,1,2,2,1,1,1,2,1,1,1,1,1,2,1,1,1,2,2,1,1,2,1,0.5,1,1,1,2,1,1,1,2,1,1,1,1,1,1,1,1,1,1,2,1,1,1,1,2,1,1,1,1,1,1,1,1,1,1,1,1,2,1,1,1,1,1,1,2,1,1,1
VIBES,2,0.5,1,0.5,1,1,2,2,2,1,1,2,2,1,0.5,1,1,1,0.5,1,1,1,2,0.5,1,1,0.5,1,1,1,2,0.5,0.5,2,1,1,0.5,1,1,1,2,2,0.5,1,1,0.5,0.5,0,1,2,1,0.5,2,1,1,0.5,2,0.5,2,1,2,1,2,0,1,0.5,2,0.5,2,0.5,0.5,1,1,0.5,1,1,0.5,0.5,0.5,0.5
WEALTH,2,0.5,0.5,0.5,1,1,1,2,1,1,0.5,1,2,1,1,1,0.5,1,1,1,0.5,1,2,2,1,1,2,1,1,1,1,1,0.5,1,1,1,2,1,1,1,0.5,1,1,1,1,0.5,0.5,1,0.5,1,0.5,0.5,1,2,1,0.5,1,1,1,1,2,1,0.5,2,1,1,1,1,2,1,1,2,1,1,1,1,1,0.5,1,0.5
YAPPER,2,0.5,1,1,1,1,1,0.5,1,1,1,0.5,1,0.5,2,1,1,1,2,1,0.5,0.5,2,1,1,1,2,2,1,1,1,1,0.5,2,2,1,1,1,0.5,0.5,0.5,1,0.5,1,2,2,2,2,0.5,1,0.5,1,0.5,2,1,0.5,0.5,1,0.5,0.5,2,1,1,2,1,1,2,0.5,0.5,1,2,1,0.5,0.5,1,1,2,1,2,0.5
EVERY,2,2,0.5,1,1,1,1,1,0.5,1,0.5,1,2,0.5,1,1,2,2,1,1,2,2,2,0.5,1,1,2,2,1,0.5,1,2,0.5,2,0.5,0.5,1,0.5,2,1,1,1,0.5,0.5,2,0.5,1,2,0.5,2,1,0.5,2,2,1,0.5,2,1,2,1,0.5,0.5,2,2,1,0.5,1,1,0.5,1,1,0.5,2,1,1,1,1,2,2,1